Fri Jun 13 00:00:17 EET 27,0
Fri Jun 13 00:10:22 EET 27,0
Fri Jun 13 00:20:24 EET 27,0
Fri Jun 13 00:30:31 EET 27,0
Fri Jun 13 00:40:35 EET 27,0
Fri Jun 13 00:50:41 EET 27,0
Fri Jun 13 01:00:45 EET 27,0
Fri Jun 13 01:10:51 EET 27,0
Fri Jun 13 01:20:54 EET 27,0
Fri Jun 13 01:30:57 EET 27,0
Fri Jun 13 01:41:04 EET 27,0
Fri Jun 13 01:51:10 EET 27,0
Fri Jun 13 02:01:17 EET 27,0
Fri Jun 13 02:12:00 EET 27,0
Fri Jun 13 02:22:05 EET 27,0
Fri Jun 13 02:32:10 EET 27,0
Fri Jun 13 02:42:13 EET 27,0
Fri Jun 13 02:52:15 EET 27,0
Fri Jun 13 03:02:21 EET 27,0
Fri Jun 13 03:12:24 EET 27,0
Fri Jun 13 03:22:31 EET 27,0
Fri Jun 13 03:32:34 EET 27,0
Fri Jun 13 03:42:35 EET 27,0
Fri Jun 13 03:52:40 EET 27,0
Fri Jun 13 04:02:41 EET 27,0
Fri Jun 13 04:12:42 EET 27,0
Fri Jun 13 04:22:45 EET 27,0
Fri Jun 13 04:32:46 EET 27,0
Fri Jun 13 04:42:49 EET 27,0
Fri Jun 13 04:52:56 EET 27,0
Fri Jun 13 05:03:01 EET 27,0
Fri Jun 13 05:13:06 EET 27,0
Fri Jun 13 05:23:07 EET 27,0
Fri Jun 13 05:33:10 EET 27,0
Fri Jun 13 05:43:12 EET 27,0
Fri Jun 13 05:53:16 EET 27,0
Fri Jun 13 06:03:23 EET 27,0
Fri Jun 13 06:13:27 EET 27,0
Fri Jun 13 06:23:32 EET 27,0
Fri Jun 13 06:33:34 EET 27,0
Fri Jun 13 06:43:37 EET 27,0
Fri Jun 13 06:53:38 EET 27,0
Fri Jun 13 07:03:40 EET 27,0
Fri Jun 13 07:13:47 EET 27,0
Fri Jun 13 07:23:50 EET 27,0
Fri Jun 13 07:33:55 EET 27,0
Fri Jun 13 07:43:58 EET 27,0
Fri Jun 13 07:54:03 EET 27,0
Fri Jun 13 08:04:08 EET 27,0
Fri Jun 13 08:14:12 EET 27,0
Fri Jun 13 08:24:13 EET 27,0
Fri Jun 13 08:34:15 EET 27,0
Fri Jun 13 08:44:16 EET 27,0
Fri Jun 13 08:54:21 EET 27,0
Fri Jun 13 09:04:25 EET 27,0
Fri Jun 13 09:14:26 EET 27,0
Fri Jun 13 09:24:28 EET 27,0
Fri Jun 13 09:34:30 EET 27,0
Fri Jun 13 09:44:32 EET 27,0
Fri Jun 13 09:54:33 EET 27,0
Fri Jun 13 10:04:36 EET 27,0
Fri Jun 13 10:14:40 EET 27,2213
Fri Jun 13 10:24:42 EET 27,2088
Fri Jun 13 10:34:44 EET 27,2082
Fri Jun 13 10:44:47 EET 27,2218
Fri Jun 13 10:54:51 EET 27,0
Fri Jun 13 12:00:01 EET 27,0
Fri Jun 13 12:10:02 EET 27,0
Fri Jun 13 12:20:05 EET 27,0
Fri Jun 13 12:30:07 EET 27,0
Fri Jun 13 12:40:09 EET 27,0
Fri Jun 13 12:50:10 EET 27,0
Fri Jun 13 13:00:14 EET 27,0
Fri Jun 13 13:10:15 EET 27,0
Fri Jun 13 13:20:18 EET 27,0
Fri Jun 13 13:30:21 EET 27,0
Fri Jun 13 13:40:23 EET 27,0
Fri Jun 13 13:50:24 EET 27,0
Fri Jun 13 14:00:28 EET 27,0
Fri Jun 13 14:10:29 EET 27,0
Fri Jun 13 14:20:30 EET 27,0
Fri Jun 13 14:30:33 EET 27,0
Fri Jun 13 14:40:36 EET 27,0
Fri Jun 13 14:50:38 EET 27,0
Fri Jun 13 15:00:40 EET 27,0
Fri Jun 13 15:10:42 EET 27,0
Fri Jun 13 15:20:43 EET 27,0
Fri Jun 13 15:30:45 EET 27,0
Fri Jun 13 15:40:46 EET 27,0
Fri Jun 13 15:50:47 EET 27,0
Fri Jun 13 16:00:48 EET 27,0
Fri Jun 13 16:10:50 EET 27,0
Fri Jun 13 16:20:52 EET 27,0
Fri Jun 13 16:30:54 EET 27,0
Fri Jun 13 16:40:56 EET 27,0
Fri Jun 13 16:50:57 EET 27,0
Fri Jun 13 17:01:00 EET 27,0
Fri Jun 13 17:12:00 EET 27,0
Fri Jun 13 17:22:02 EET 27,0
Fri Jun 13 17:32:04 EET 27,0
Fri Jun 13 17:42:06 EET 27,0
Fri Jun 13 17:52:07 EET 27,0
Fri Jun 13 18:02:10 EET 27,0
Fri Jun 13 18:12:13 EET 27,0
Fri Jun 13 18:22:14 EET 27,0
Fri Jun 13 18:32:18 EET 27,0
Fri Jun 13 18:42:20 EET 27,0
Fri Jun 13 18:52:21 EET 27,0
Fri Jun 13 19:02:22 EET 27,0
Fri Jun 13 19:12:23 EET 27,0
Fri Jun 13 19:22:25 EET 27,0
Fri Jun 13 19:32:27 EET 27,0
Fri Jun 13 19:42:30 EET 27,0
Fri Jun 13 19:52:32 EET 27,0
Fri Jun 13 20:02:33 EET 27,0
Fri Jun 13 20:12:35 EET 27,0
Fri Jun 13 20:22:36 EET 27,0
Fri Jun 13 20:32:38 EET 27,0
Fri Jun 13 20:42:40 EET 27,0
Fri Jun 13 20:52:43 EET 27,0
Fri Jun 13 21:02:44 EET 27,0
Fri Jun 13 21:12:45 EET 27,0
Fri Jun 13 21:22:46 EET 27,0
Fri Jun 13 21:32:47 EET 27,0
Fri Jun 13 21:42:48 EET 27,0
Fri Jun 13 21:52:50 EET 27,0
Fri Jun 13 22:02:52 EET 27,0
Fri Jun 13 22:12:54 EET 27,0
Fri Jun 13 22:22:56 EET 27,0
Fri Jun 13 22:32:58 EET 27,0
Fri Jun 13 22:42:59 EET 27,0
Fri Jun 13 22:53:01 EET 27,0
Fri Jun 13 23:03:09 EET 27,0
Fri Jun 13 23:13:20 EET 27,0
Fri Jun 13 23:23:32 EET 27,0
Fri Jun 13 23:33:44 EET 27,0
Fri Jun 13 23:43:57 EET 27,0
Fri Jun 13 00:00:17 EET 27,0
Fri Jun 13 00:10:22 EET 27,0
Fri Jun 13 00:20:24 EET 27,0
Fri Jun 13 00:30:31 EET 27,0
Fri Jun 13 00:40:35 EET 27,0
Fri Jun 13 00:50:41 EET 27,0
Fri Jun 13 01:00:45 EET 27,0
Fri Jun 13 01:10:51 EET 27,0
Fri Jun 13 01:20:54 EET 27,0
Fri Jun 13 01:30:57 EET 27,0
Fri Jun 13 01:41:04 EET 27,0
Fri Jun 13 01:51:10 EET 27,0
Fri Jun 13 02:01:17 EET 27,0
Fri Jun 13 02:12:00 EET 27,0
Fri Jun 13 02:22:05 EET 27,0
Fri Jun 13 02:32:10 EET 27,0
Fri Jun 13 02:42:13 EET 27,0
Fri Jun 13 02:52:15 EET 27,0
Fri Jun 13 03:02:21 EET 27,0
Fri Jun 13 03:12:24 EET 27,0
Fri Jun 13 03:22:31 EET 27,0
Fri Jun 13 03:32:34 EET 27,0
Fri Jun 13 03:42:35 EET 27,0
Fri Jun 13 03:52:40 EET 27,0
Fri Jun 13 04:02:41 EET 27,0
Fri Jun 13 04:12:42 EET 27,0
Fri Jun 13 04:22:45 EET 27,0
Fri Jun 13 04:32:46 EET 27,0
Fri Jun 13 04:42:49 EET 27,0
Fri Jun 13 04:52:56 EET 27,0
Fri Jun 13 05:03:01 EET 27,0
Fri Jun 13 05:13:06 EET 27,0
Fri Jun 13 05:23:07 EET 27,0
Fri Jun 13 05:33:10 EET 27,0
Fri Jun 13 05:43:12 EET 27,0
Fri Jun 13 05:53:16 EET 27,0
Fri Jun 13 06:03:23 EET 27,0
Fri Jun 13 06:13:27 EET 27,0
Fri Jun 13 06:23:32 EET 27,0
Fri Jun 13 06:33:34 EET 27,0
Fri Jun 13 06:43:37 EET 27,0
Fri Jun 13 06:53:38 EET 27,0
Fri Jun 13 07:03:40 EET 27,0
Fri Jun 13 07:13:47 EET 27,0
Fri Jun 13 07:23:50 EET 27,0
Fri Jun 13 07:33:55 EET 27,0
Fri Jun 13 07:43:58 EET 27,0
Fri Jun 13 07:54:03 EET 27,0
Fri Jun 13 08:04:08 EET 27,0
Fri Jun 13 08:14:12 EET 27,0
Fri Jun 13 08:24:13 EET 27,0
Fri Jun 13 08:34:15 EET 27,0
Fri Jun 13 08:44:16 EET 27,0
Fri Jun 13 08:54:21 EET 27,0
Fri Jun 13 09:04:25 EET 27,0
Fri Jun 13 09:14:26 EET 27,0
Fri Jun 13 09:24:28 EET 27,0
Fri Jun 13 09:34:30 EET 27,0
Fri Jun 13 09:44:32 EET 27,0
Fri Jun 13 09:54:33 EET 27,0
Fri Jun 13 10:04:36 EET 27,0
Fri Jun 13 10:14:40 EET 27,2213
Fri Jun 13 10:24:42 EET 27,2088
Fri Jun 13 10:34:44 EET 27,2082
Fri Jun 13 10:44:47 EET 27,2218
Fri Jun 13 10:54:51 EET 27,0
Fri Jun 13 12:00:01 EET 27,0
Fri Jun 13 12:10:02 EET 27,0
Fri Jun 13 12:20:05 EET 27,0
Fri Jun 13 12:30:07 EET 27,0
Fri Jun 13 12:40:09 EET 27,0
Fri Jun 13 12:50:10 EET 27,0
Fri Jun 13 13:00:14 EET 27,0
Fri Jun 13 13:10:15 EET 27,0
Fri Jun 13 13:20:18 EET 27,0
Fri Jun 13 13:30:21 EET 27,0
Fri Jun 13 13:40:23 EET 27,0
Fri Jun 13 13:50:24 EET 27,0
Fri Jun 13 14:00:28 EET 27,0
Fri Jun 13 14:10:29 EET 27,0
Fri Jun 13 14:20:30 EET 27,0
Fri Jun 13 14:30:33 EET 27,0
Fri Jun 13 14:40:36 EET 27,0
Fri Jun 13 14:50:38 EET 27,0
Fri Jun 13 15:00:40 EET 27,0
Fri Jun 13 15:10:42 EET 27,0
Fri Jun 13 15:20:43 EET 27,0
Fri Jun 13 15:30:45 EET 27,0
Fri Jun 13 15:40:46 EET 27,0
Fri Jun 13 15:50:47 EET 27,0
Fri Jun 13 16:00:48 EET 27,0
Fri Jun 13 16:10:50 EET 27,0
Fri Jun 13 16:20:52 EET 27,0
Fri Jun 13 16:30:54 EET 27,0
Fri Jun 13 16:40:56 EET 27,0
Fri Jun 13 16:50:57 EET 27,0
Fri Jun 13 17:01:00 EET 27,0
Fri Jun 13 17:12:00 EET 27,0
Fri Jun 13 17:22:02 EET 27,0
Fri Jun 13 17:32:04 EET 27,0
Fri Jun 13 17:42:06 EET 27,0
Fri Jun 13 17:52:07 EET 27,0
Fri Jun 13 18:02:10 EET 27,0
Fri Jun 13 18:12:13 EET 27,0
Fri Jun 13 18:22:14 EET 27,0
Fri Jun 13 18:32:18 EET 27,0
Fri Jun 13 18:42:20 EET 27,0
Fri Jun 13 18:52:21 EET 27,0
Fri Jun 13 19:02:22 EET 27,0
Fri Jun 13 19:12:23 EET 27,0
Fri Jun 13 19:22:25 EET 27,0
Fri Jun 13 19:32:27 EET 27,0
Fri Jun 13 19:42:30 EET 27,0
Fri Jun 13 19:52:32 EET 27,0
Fri Jun 13 20:02:33 EET 27,0
Fri Jun 13 20:12:35 EET 27,0
Fri Jun 13 20:22:36 EET 27,0
Fri Jun 13 20:32:38 EET 27,0
Fri Jun 13 20:42:40 EET 27,0
Fri Jun 13 20:52:43 EET 27,0
Fri Jun 13 21:02:44 EET 27,0
Fri Jun 13 21:12:45 EET 27,0
Fri Jun 13 21:22:46 EET 27,0
Fri Jun 13 21:32:47 EET 27,0
Fri Jun 13 21:42:48 EET 27,0
Fri Jun 13 21:52:50 EET 27,0
Fri Jun 13 22:02:52 EET 27,0
Fri Jun 13 22:12:54 EET 27,0
Fri Jun 13 22:22:56 EET 27,0
Fri Jun 13 22:32:58 EET 27,0
Fri Jun 13 22:42:59 EET 27,0
Fri Jun 13 22:53:01 EET 27,0
Fri Jun 13 23:03:09 EET 27,0
Fri Jun 13 23:13:20 EET 27,0
Fri Jun 13 23:23:32 EET 27,0
Fri Jun 13 23:33:44 EET 27,0
Fri Jun 13 23:43:57 EET 27,0
Fri Jun 13 00:00:17 EET 27,0
Fri Jun 13 00:10:22 EET 27,0
Fri Jun 13 00:20:24 EET 27,0
Fri Jun 13 00:30:31 EET 27,0
Fri Jun 13 00:40:35 EET 27,0
Fri Jun 13 00:50:41 EET 27,0
Fri Jun 13 01:00:45 EET 27,0
Fri Jun 13 01:10:51 EET 27,0
Fri Jun 13 01:20:54 EET 27,0
Fri Jun 13 01:30:57 EET 27,0
Fri Jun 13 01:41:04 EET 27,0
Fri Jun 13 01:51:10 EET 27,0
Fri Jun 13 02:01:17 EET 27,0
Fri Jun 13 02:12:00 EET 27,0
Fri Jun 13 02:22:05 EET 27,0
Fri Jun 13 02:32:10 EET 27,0
Fri Jun 13 02:42:13 EET 27,0
Fri Jun 13 02:52:15 EET 27,0
Fri Jun 13 03:02:21 EET 27,0
Fri Jun 13 03:12:24 EET 27,0
Fri Jun 13 03:22:31 EET 27,0
Fri Jun 13 03:32:34 EET 27,0
Fri Jun 13 03:42:35 EET 27,0
Fri Jun 13 03:52:40 EET 27,0
Fri Jun 13 04:02:41 EET 27,0
Fri Jun 13 04:12:42 EET 27,0
Fri Jun 13 04:22:45 EET 27,0
Fri Jun 13 04:32:46 EET 27,0
Fri Jun 13 04:42:49 EET 27,0
Fri Jun 13 04:52:56 EET 27,0
Fri Jun 13 05:03:01 EET 27,0
Fri Jun 13 05:13:06 EET 27,0
Fri Jun 13 05:23:07 EET 27,0
Fri Jun 13 05:33:10 EET 27,0
Fri Jun 13 05:43:12 EET 27,0
Fri Jun 13 05:53:16 EET 27,0
Fri Jun 13 06:03:23 EET 27,0
Fri Jun 13 06:13:27 EET 27,0
Fri Jun 13 06:23:32 EET 27,0
Fri Jun 13 06:33:34 EET 27,0
Fri Jun 13 06:43:37 EET 27,0
Fri Jun 13 06:53:38 EET 27,0
Fri Jun 13 07:03:40 EET 27,0
Fri Jun 13 07:13:47 EET 27,0
Fri Jun 13 07:23:50 EET 27,0
Fri Jun 13 07:33:55 EET 27,0
Fri Jun 13 07:43:58 EET 27,0
Fri Jun 13 07:54:03 EET 27,0
Fri Jun 13 08:04:08 EET 27,0
Fri Jun 13 08:14:12 EET 27,0
Fri Jun 13 08:24:13 EET 27,0
Fri Jun 13 08:34:15 EET 27,0
Fri Jun 13 08:44:16 EET 27,0
Fri Jun 13 08:54:21 EET 27,0
Fri Jun 13 09:04:25 EET 27,0
Fri Jun 13 09:14:26 EET 27,0
Fri Jun 13 09:24:28 EET 27,0
Fri Jun 13 09:34:30 EET 27,0
Fri Jun 13 09:44:32 EET 27,0
Fri Jun 13 09:54:33 EET 27,0
Fri Jun 13 10:04:36 EET 27,0
Fri Jun 13 10:14:40 EET 27,2213
Fri Jun 13 10:24:42 EET 27,2088
Fri Jun 13 10:34:44 EET 27,2082
Fri Jun 13 10:44:47 EET 27,2218
Fri Jun 13 10:54:51 EET 27,0
Fri Jun 13 12:00:01 EET 27,0
Fri Jun 13 12:10:02 EET 27,0
Fri Jun 13 12:20:05 EET 27,0
Fri Jun 13 12:30:07 EET 27,0
Fri Jun 13 12:40:09 EET 27,0
Fri Jun 13 12:50:10 EET 27,0
Fri Jun 13 13:00:14 EET 27,0
Fri Jun 13 13:10:15 EET 27,0
Fri Jun 13 13:20:18 EET 27,0
Fri Jun 13 13:30:21 EET 27,0
Fri Jun 13 13:40:23 EET 27,0
Fri Jun 13 13:50:24 EET 27,0
Fri Jun 13 14:00:28 EET 27,0
Fri Jun 13 14:10:29 EET 27,0
Fri Jun 13 14:20:30 EET 27,0
Fri Jun 13 14:30:33 EET 27,0
Fri Jun 13 14:40:36 EET 27,0
Fri Jun 13 14:50:38 EET 27,0
Fri Jun 13 15:00:40 EET 27,0
Fri Jun 13 15:10:42 EET 27,0
Fri Jun 13 15:20:43 EET 27,0
Fri Jun 13 15:30:45 EET 27,0
Fri Jun 13 15:40:46 EET 27,0
Fri Jun 13 15:50:47 EET 27,0
Fri Jun 13 16:00:48 EET 27,0
Fri Jun 13 16:10:50 EET 27,0
Fri Jun 13 16:20:52 EET 27,0
Fri Jun 13 16:30:54 EET 27,0
Fri Jun 13 16:40:56 EET 27,0
Fri Jun 13 16:50:57 EET 27,0
Fri Jun 13 17:01:00 EET 27,0
Fri Jun 13 17:12:00 EET 27,0
Fri Jun 13 17:22:02 EET 27,0
Fri Jun 13 17:32:04 EET 27,0
Fri Jun 13 17:42:06 EET 27,0
Fri Jun 13 17:52:07 EET 27,0
Fri Jun 13 18:02:10 EET 27,0
Fri Jun 13 18:12:13 EET 27,0
Fri Jun 13 18:22:14 EET 27,0
Fri Jun 13 18:32:18 EET 27,0
Fri Jun 13 18:42:20 EET 27,0
Fri Jun 13 18:52:21 EET 27,0
Fri Jun 13 19:02:22 EET 27,0
Fri Jun 13 19:12:23 EET 27,0
Fri Jun 13 19:22:25 EET 27,0
Fri Jun 13 19:32:27 EET 27,0
Fri Jun 13 19:42:30 EET 27,0
Fri Jun 13 19:52:32 EET 27,0
Fri Jun 13 20:02:33 EET 27,0
Fri Jun 13 20:12:35 EET 27,0
Fri Jun 13 20:22:36 EET 27,0
Fri Jun 13 20:32:38 EET 27,0
Fri Jun 13 20:42:40 EET 27,0
Fri Jun 13 20:52:43 EET 27,0
Fri Jun 13 21:02:44 EET 27,0
Fri Jun 13 21:12:45 EET 27,0
Fri Jun 13 21:22:46 EET 27,0
Fri Jun 13 21:32:47 EET 27,0
Fri Jun 13 21:42:48 EET 27,0
Fri Jun 13 21:52:50 EET 27,0
Fri Jun 13 22:02:52 EET 27,0
Fri Jun 13 22:12:54 EET 27,0
Fri Jun 13 22:22:56 EET 27,0
Fri Jun 13 22:32:58 EET 27,0
Fri Jun 13 22:42:59 EET 27,0
Fri Jun 13 22:53:01 EET 27,0
Fri Jun 13 23:03:09 EET 27,0
Fri Jun 13 23:13:20 EET 27,0
Fri Jun 13 23:23:32 EET 27,0
Fri Jun 13 23:33:44 EET 27,0
Fri Jun 13 23:43:57 EET 27,0
